{
  "version": 1,
  "author": "Rohan K",
  "editor": "wokwi",
   "parts": [
    { "type": "wokwi-arduino-uno", "id": "uno", "top": 0, "left": 0, "attrs": {} },
    {
      "type": "wokwi-7segment",
      "id": "sevseg1",
      "top": -180.01,
      "left": 76.98,
      "attrs": { "digits": "4", "common": "anode" }
    },
    {
      "type": "wokwi-hc-sr04",
      "id": "ultrasonic1",
      "top": 30.3,
      "left": 322.3,
      "attrs": { "distance": "304" }
    }
  ],
  "connections": [
    [ "uno:3", "sevseg1:DIG2", "blue", [ "v-54.36", "h95.19", "v-183.05", "h-146.84" ] ],
    [ "sevseg1:DIG3", "uno:4", "magenta", [ "v-42.12", "h131.88", "v168.16", "h-93.34" ] ],
    [ "uno:6", "sevseg1:A", "gray", [ "v-22.32", "h159.43", "v-241.28", "h-169.23" ] ],
    [ "sevseg1:B", "uno:7", "red", [ "v-66.52", "h158.34", "v222.32", "h-163.54" ] ],
    [ "uno:8", "sevseg1:C", "cyan", [ "v0" ] ],
    [ "uno:9", "sevseg1:D", "gold", [ "v-54.08", "h-9.85" ] ],
    [ "uno:10", "sevseg1:E", "red", [ "v-46.97", "h-8.88" ] ],
    [ "sevseg1:F", "uno:11", "white", [ "v-7.27", "h-93.96", "v148.37", "h78.22" ] ],
    [ "sevseg1:G", "uno:12", "violet", [ "v29.45", "h-51.54" ] ],
    [ "ultrasonic1:VCC", "uno:5V", "red", [ "v96", "h-230.4" ] ],
    [ "ultrasonic1:GND", "uno:GND.2", "black", [ "v86.4", "h-250.8" ] ],
    [ "ultrasonic1:TRIG", "uno:5", "yellow", [ "v9.6", "h-115.6", "v-192", "h-86.4" ] ],
    [ "uno:13", "ultrasonic1:ECHO", "green", [ "v-76.2", "h172.6", "v211.2", "h115.2" ] ],
    [ "sevseg1:DIG4", "uno:2", "green", [ "v79.39", "h39.34" ] ]
  ],
  "dependencies": {}
}